{
  "capiti_v2": 0.704328715801239,
  "blast_nearest_wt": 805.799560546875,
  "kmer3_nn": 0.49255824089050293,
  "kmer3_lr": 0.7819063596370907
}