{
  "capiti_C_v1": {
    "binary_auc": 0.9862197227847992,
    "binary_prauc": 0.9858171236269131,
    "threshold": 0.9943825602531433,
    "overall_acc": 0.9573998810467883,
    "tpr": 0.9633465779722309,
    "fpr": 0.05001949534896675,
    "per_class": {
      "mpnn_positive": {
        "n": 22399,
        "acc": 0.9633465779722309,
        "mean_score": 0.9989709838665332,
        "median_score": 0.9997978210449219
      },
      "ala_scan": {
        "n": 1540,
        "acc": 0.4597402597402597,
        "mean_score": 0.7477326946986186,
        "median_score": 0.9958499073982239
      },
      "combined_ko": {
        "n": 2968,
        "acc": 0.9804582210242587,
        "mean_score": 0.10534420635581337,
        "median_score": 0.0027691125869750977
      },
      "scramble": {
        "n": 6690,
        "acc": 1.0,
        "mean_score": 0.004911946876166647,
        "median_score": 4.32133674621582e-05
      },
      "perturb30": {
        "n": 6574,
        "acc": 0.9987830848798296,
        "mean_score": 0.02115067365432823,
        "median_score": 1.1920928955078125e-06
      },
      "random_decoy": {
        "n": 181,
        "acc": 1.0,
        "mean_score": 0.005192469167445904,
        "median_score": 6.4373016357421875e-06
      }
    }
  },
  "capiti_C_v1+gate": {
    "binary_auc": 0.9696163693858358,
    "binary_prauc": 0.9836838580625613,
    "threshold": 0.023413686081767082,
    "overall_acc": 0.9579203013481364,
    "tpr": 0.964284119826778,
    "fpr": 0.05001949534896675,
    "per_class": {
      "mpnn_positive": {
        "n": 22399,
        "acc": 0.964284119826778,
        "mean_score": 0.9632979399194951,
        "median_score": 0.9997845888137817
      },
      "ala_scan": {
        "n": 1540,
        "acc": 0.9525974025974026,
        "mean_score": 0.03165946107406121,
        "median_score": 0.0
      },
      "combined_ko": {
        "n": 2968,
        "acc": 0.9450808625336927,
        "mean_score": 0.00921457234739936,
        "median_score": 1.430511474609375e-06
      },
      "scramble": {
        "n": 6690,
        "acc": 0.9584454409566517,
        "mean_score": 0.004720541126524921,
        "median_score": 3.5643577575683594e-05
      },
      "perturb30": {
        "n": 6574,
        "acc": 0.9425007605719501,
        "mean_score": 0.021129449042354198,
        "median_score": 9.5367431640625e-07
      },
      "random_decoy": {
        "n": 181,
        "acc": 0.9668508287292817,
        "mean_score": 0.005192469167445904,
        "median_score": 6.4373016357421875e-06
      }
    }
  },
  "blast_nearest_wt": {
    "binary_auc": 0.5723785939897079,
    "binary_prauc": 0.5416334848300632,
    "threshold": 521.0,
    "overall_acc": 0.43075931800158607,
    "tpr": 0.01477744542167061,
    "fpr": 0.05024229933715813,
    "per_class": {
      "mpnn_positive": {
        "n": 22399,
        "acc": 0.01477744542167061,
        "mean_score": 260.39760703653934,
        "median_score": 260.0
      },
      "ala_scan": {
        "n": 1540,
        "acc": 0.9467532467532468,
        "mean_score": 278.52376624887637,
        "median_score": 262.0
      },
      "combined_ko": {
        "n": 2968,
        "acc": 0.9838274932614556,
        "mean_score": 247.2856132071616,
        "median_score": 248.0
      },
      "scramble": {
        "n": 6690,
        "acc": 1.0,
        "mean_score": 23.102137484072927,
        "median_score": 23.100000381469727
      },
      "perturb30": {
        "n": 6574,
        "acc": 0.8825676909035595,
        "mean_score": 411.13918466570897,
        "median_score": 375.0
      },
      "random_decoy": {
        "n": 181,
        "acc": 1.0,
        "mean_score": 23.7464088208109,
        "median_score": 24.299999237060547
      }
    }
  },
  "kmer3_nn": {
    "binary_auc": 0.47671703918615993,
    "binary_prauc": 0.4906109568635149,
    "threshold": 0.4509815275669098,
    "overall_acc": 0.422680412371134,
    "tpr": 4.464485021652752e-05,
    "fpr": 0.05001949534896675,
    "per_class": {
      "mpnn_positive": {
        "n": 22399,
        "acc": 4.464485021652752e-05,
        "mean_score": 0.2138759595361481,
        "median_score": 0.20937974750995636
      },
      "ala_scan": {
        "n": 1540,
        "acc": 0.9428571428571428,
        "mean_score": 0.25610411978483977,
        "median_score": 0.20980728417634964
      },
      "combined_ko": {
        "n": 2968,
        "acc": 0.9909029649595688,
        "mean_score": 0.20985332861382042,
        "median_score": 0.19922328740358353
      },
      "scramble": {
        "n": 6690,
        "acc": 1.0,
        "mean_score": 0.13906478461418273,
        "median_score": 0.13498659431934357
      },
      "perturb30": {
        "n": 6574,
        "acc": 0.8808944326133252,
        "mean_score": 0.4141042813282445,
        "median_score": 0.4130387455224991
      },
      "random_decoy": {
        "n": 181,
        "acc": 1.0,
        "mean_score": 0.1460765340566141,
        "median_score": 0.14645744860172272
      }
    }
  },
  "kmer3_lr": {
    "binary_auc": 0.9737060035327397,
    "binary_prauc": 0.9724737467241859,
    "threshold": 0.821494760233809,
    "overall_acc": 0.8776268834258525,
    "tpr": 0.8196348051252288,
    "fpr": 0.05001949534896675,
    "per_class": {
      "mpnn_positive": {
        "n": 22399,
        "acc": 0.8196348051252288,
        "mean_score": 0.8962542946069448,
        "median_score": 0.9407349729970297
      },
      "ala_scan": {
        "n": 1540,
        "acc": 0.537012987012987,
        "mean_score": 0.7111948235579618,
        "median_score": 0.8018732105310198
      },
      "combined_ko": {
        "n": 2968,
        "acc": 0.9386792452830188,
        "mean_score": 0.3244353268418385,
        "median_score": 0.25203630207430205
      },
      "scramble": {
        "n": 6690,
        "acc": 0.9998505231689088,
        "mean_score": 0.02555173130875857,
        "median_score": 0.004437811899345077
      },
      "perturb30": {
        "n": 6574,
        "acc": 0.9998478856099787,
        "mean_score": 0.022948799035854898,
        "median_score": 0.0061602777193405815
      },
      "random_decoy": {
        "n": 181,
        "acc": 0.994475138121547,
        "mean_score": 0.08053745333425208,
        "median_score": 0.0185744272987722
      }
    }
  }
}