{
  "capiti_C_v1": 0.9943825602531433,
  "capiti_C_v1+gate": 0.023413686081767082,
  "blast_nearest_wt": 521.0,
  "kmer3_nn": 0.4509815275669098,
  "kmer3_lr": 0.821494760233809
}