{
  "capiti_v2_maxpool_auxhead": 0.4854357838630676,
  "blast_nearest_wt": 805.799560546875,
  "kmer3_nn": 0.49255824089050293,
  "kmer3_lr": 0.7819063596370907
}