{
  "capiti_E_v1": {
    "binary_auc": 0.9965797334007752,
    "binary_prauc": 0.9974929852887701,
    "threshold": 0.18313802778720856,
    "overall_acc": 0.9800756105037295,
    "tpr": 1.0,
    "fpr": 0.05016722408026756,
    "per_class": {
      "mpnn_positive": {
        "n": 5900,
        "acc": 1.0,
        "mean_score": 0.9988674653586694,
        "median_score": 0.9999939799308777
      },
      "ala_scan": {
        "n": 466,
        "acc": 0.6373390557939914,
        "mean_score": 0.3333879028778731,
        "median_score": 0.0021844208240509033
      },
      "combined_ko": {
        "n": 900,
        "acc": 0.9988888888888889,
        "mean_score": 0.0010094881720013088,
        "median_score": 1.5497207641601562e-06
      },
      "scramble": {
        "n": 1170,
        "acc": 1.0,
        "mean_score": 0.0004151277562491914,
        "median_score": 2.5093555450439453e-05
      },
      "perturb30": {
        "n": 1170,
        "acc": 0.9786324786324786,
        "mean_score": 0.015223315383633997,
        "median_score": 7.212162017822266e-05
      },
      "random_decoy": {
        "n": 181,
        "acc": 1.0,
        "mean_score": 0.00016571770715450055,
        "median_score": 4.184246063232422e-05
      }
    }
  },
  "capiti_E_v1+gate": {
    "binary_auc": 0.9844243741633346,
    "binary_prauc": 0.9931036712406665,
    "threshold": 0.005329453386366367,
    "overall_acc": 0.9698579748646163,
    "tpr": 0.9830508474576272,
    "fpr": 0.05016722408026756,
    "per_class": {
      "mpnn_positive": {
        "n": 5900,
        "acc": 0.9830508474576272,
        "mean_score": 0.9820265827744694,
        "median_score": 0.9999939799308777
      },
      "ala_scan": {
        "n": 466,
        "acc": 0.9656652360515021,
        "mean_score": 0.014453216427897179,
        "median_score": 0.0
      },
      "combined_ko": {
        "n": 900,
        "acc": 0.9866666666666667,
        "mean_score": 0.0009244496954811944,
        "median_score": 5.960464477539062e-07
      },
      "scramble": {
        "n": 1170,
        "acc": 0.9897435897435898,
        "mean_score": 0.0004064934885399973,
        "median_score": 2.1696090698242188e-05
      },
      "perturb30": {
        "n": 1170,
        "acc": 0.8683760683760684,
        "mean_score": 0.015029886747017884,
        "median_score": 5.900859832763672e-05
      },
      "random_decoy": {
        "n": 181,
        "acc": 0.994475138121547,
        "mean_score": 0.00016570255901273442,
        "median_score": 4.184246063232422e-05
      }
    }
  },
  "blast_nearest_wt": {
    "binary_auc": 0.5810321017908455,
    "binary_prauc": 0.5979423255504798,
    "threshold": 740.0,
    "overall_acc": 0.3766220496577092,
    "tpr": 0.0,
    "fpr": 0.05171083097504502,
    "per_class": {
      "mpnn_positive": {
        "n": 5900,
        "acc": 0.0,
        "mean_score": 246.9712203355563,
        "median_score": 228.0
      },
      "ala_scan": {
        "n": 466,
        "acc": 0.9742489270386266,
        "mean_score": 279.21888412017165,
        "median_score": 239.0
      },
      "combined_ko": {
        "n": 900,
        "acc": 0.9988888888888889,
        "mean_score": 243.29011109246147,
        "median_score": 214.0
      },
      "scramble": {
        "n": 1170,
        "acc": 1.0,
        "mean_score": 22.75923076042762,
        "median_score": 23.100000381469727
      },
      "perturb30": {
        "n": 1170,
        "acc": 0.8393162393162393,
        "mean_score": 447.02564102564105,
        "median_score": 357.0
      },
      "random_decoy": {
        "n": 181,
        "acc": 1.0,
        "mean_score": 23.582872801722743,
        "median_score": 23.5
      }
    }
  },
  "kmer3_nn": {
    "binary_auc": 0.4096636114296678,
    "binary_prauc": 0.5115700073838301,
    "threshold": 0.445748507976532,
    "overall_acc": 0.377235107796056,
    "tpr": 0.0,
    "fpr": 0.05016722408026756,
    "per_class": {
      "mpnn_positive": {
        "n": 5900,
        "acc": 0.0,
        "mean_score": 0.19256633126003259,
        "median_score": 0.1897527500987053
      },
      "ala_scan": {
        "n": 466,
        "acc": 0.9613733905579399,
        "mean_score": 0.21748728989403646,
        "median_score": 0.19018763303756714
      },
      "combined_ko": {
        "n": 900,
        "acc": 0.9933333333333333,
        "mean_score": 0.18950173924366634,
        "median_score": 0.1811579093337059
      },
      "scramble": {
        "n": 1170,
        "acc": 1.0,
        "mean_score": 0.16705004199702517,
        "median_score": 0.16625428944826126
      },
      "perturb30": {
        "n": 1170,
        "acc": 0.8538461538461538,
        "mean_score": 0.412890321882362,
        "median_score": 0.4143192768096924
      },
      "random_decoy": {
        "n": 181,
        "acc": 1.0,
        "mean_score": 0.19666434404599734,
        "median_score": 0.19893522560596466
      }
    }
  },
  "kmer3_lr": {
    "binary_auc": 0.9752735105719632,
    "binary_prauc": 0.978816675626533,
    "threshold": 0.8105779405954407,
    "overall_acc": 0.8833146010013283,
    "tpr": 0.8394915254237288,
    "fpr": 0.05016722408026756,
    "per_class": {
      "mpnn_positive": {
        "n": 5900,
        "acc": 0.8394915254237288,
        "mean_score": 0.8931423290330146,
        "median_score": 0.9249884893548821
      },
      "ala_scan": {
        "n": 466,
        "acc": 0.5965665236051502,
        "mean_score": 0.7071985881662479,
        "median_score": 0.7696848505558471
      },
      "combined_ko": {
        "n": 900,
        "acc": 0.9933333333333333,
        "mean_score": 0.24104725784412195,
        "median_score": 0.19021070997199985
      },
      "scramble": {
        "n": 1170,
        "acc": 1.0,
        "mean_score": 0.03638961290258248,
        "median_score": 0.019393723780168865
      },
      "perturb30": {
        "n": 1170,
        "acc": 1.0,
        "mean_score": 0.033493207646477396,
        "median_score": 0.020280816582302963
      },
      "random_decoy": {
        "n": 181,
        "acc": 0.994475138121547,
        "mean_score": 0.06330838216587618,
        "median_score": 0.030631057562341323
      }
    }
  }
}