{
  "capiti_E_v1": 0.18313802778720856,
  "capiti_E_v1+gate": 0.005329453386366367,
  "blast_nearest_wt": 740.0,
  "kmer3_nn": 0.445748507976532,
  "kmer3_lr": 0.8105779405954407
}