{
  "capiti": 0.8128275275230408,
  "blast_nearest_wt": 818.8502197265625,
  "kmer3_nn": 0.49217772483825684,
  "kmer3_lr": 0.7371371437117703
}