{
  "capiti_v3": 0.05638650804758072,
  "capiti_v3+gate": 0.004660795442759991,
  "blast_nearest_wt": 805.1998291015625,
  "kmer3_nn": 0.46957927942276,
  "kmer3_lr": 0.7705165068094575
}